{
  "corpus": "pdfs",
  "files": 40,
  "operations": {
    "open": {
      "files_compared": 40,
      "libraries": {
        "pdfboss": {
          "time": 0.0033858749957289547,
          "pages": 951,
          "ok": 40
        },
        "PyMuPDF": {
          "time": 0.00927121101267403,
          "pages": 951,
          "ok": 40
        },
        "pypdf": {
          "time": 0.10692041600123048,
          "pages": 951,
          "ok": 40
        },
        "pdfplumber": {
          "time": 0.23149245702370536,
          "pages": 951,
          "ok": 40
        },
        "pikepdf": {
          "time": 0.08355333499639528,
          "pages": 951,
          "ok": 40
        }
      }
    },
    "text": {
      "files_compared": 40,
      "libraries": {
        "pdfboss": {
          "time": 0.2986930000188295,
          "pages": 951,
          "ok": 40
        },
        "PyMuPDF": {
          "time": 2.0659784140079864,
          "pages": 951,
          "ok": 40
        },
        "pypdf": {
          "time": 9.616061207001621,
          "pages": 951,
          "ok": 40
        },
        "pdfplumber": {
          "time": 50.45453666902176,
          "pages": 951,
          "ok": 40
        },
        "pdfminer.six": {
          "time": 37.24217362101626,
          "pages": 951,
          "ok": 40
        }
      }
    }
  }
}