{
  "corpus": "pdfs",
  "files": 40,
  "operations": {
    "open": {
      "files_compared": 40,
      "libraries": {
        "pdfboss": {
          "time": 0.017578329032403417,
          "pages": 336,
          "ok": 40
        },
        "PyMuPDF": {
          "time": 0.08922008398803882,
          "pages": 336,
          "ok": 40
        },
        "pypdf": {
          "time": 0.44567920797271654,
          "pages": 336,
          "ok": 40
        },
        "pdfplumber": {
          "time": 0.5240284149767831,
          "pages": 336,
          "ok": 40
        },
        "pikepdf": {
          "time": 0.160941748006735,
          "pages": 336,
          "ok": 40
        }
      }
    },
    "text": {
      "files_compared": 40,
      "libraries": {
        "pdfboss": {
          "time": 0.218287250972935,
          "pages": 336,
          "ok": 40
        },
        "PyMuPDF": {
          "time": 1.2054437089827843,
          "pages": 336,
          "ok": 40
        },
        "pypdf": {
          "time": 5.5074905819492415,
          "pages": 336,
          "ok": 40
        },
        "pdfplumber": {
          "time": 18.152142454026034,
          "pages": 336,
          "ok": 40
        },
        "pdfminer.six": {
          "time": 14.452408161974745,
          "pages": 336,
          "ok": 40
        }
      }
    }
  }
}